Note,Multiplier,Entity,country_code,ISO3166-2,county,city,jp-postal-code,Entrant Floor,Score Floor
Baja California,1,Mexico,mx,MX-BCN,,,,64,250
Baja California,1,Mexico,mx,MX-BCS,,,,64,250
Canada Blanket,1,Canada,ca,,,,,64,250
Central Mexico,1,Mexico,mx,MX-CMX,,,,64,250
Central Mexico,1,Mexico,mx,MX-MEX,,,,64,250
Europe Blanket,1,France,fr,,,,,64,250
Europe Blanket,1,Great Britain,gb,,,,,64,250
Florida,1,United States,us,US-FL,Alachua County,,,64,250
Florida,1,United States,us,US-FL,Baker County,,,64,250
Florida,1,United States,us,US-FL,Bay County,,,64,250
Florida,1,United States,us,US-FL,Bradford County,,,64,250
Florida,1,United States,us,US-FL,Brevard County,,,64,250
Florida,1,United States,us,US-FL,Broward County,,,64,250
Florida,1,United States,us,US-FL,Calhoun County,,,64,250
Florida,1,United States,us,US-FL,Charlotte County,,,64,250
Florida,1,United States,us,US-FL,Citrus County,,,64,250
Florida,1,United States,us,US-FL,Clay County,,,64,250
Florida,1,United States,us,US-FL,Collier County,,,64,250
Florida,1,United States,us,US-FL,Columbia County,,,64,250
Florida,1,United States,us,US-FL,DeSoto County,,,64,250
Florida,1,United States,us,US-FL,Dixie County,,,64,250
Florida,1,United States,us,US-FL,Duval County,,,64,250
Florida,1,United States,us,US-FL,Flagler County,,,64,250
Florida,1,United States,us,US-FL,Franklin County,,,64,250
Florida,1,United States,us,US-FL,Gadsden County,,,64,250
Florida,1,United States,us,US-FL,Gilchrist County,,,64,250
Florida,1,United States,us,US-FL,Glades County,,,64,250
Florida,1,United States,us,US-FL,Gulf County,,,64,250
Florida,1,United States,us,US-FL,Hamilton County,,,64,250
Florida,1,United States,us,US-FL,Hardee County,,,64,250
Florida,1,United States,us,US-FL,Hendry County,,,64,250
Florida,1,United States,us,US-FL,Hernando County,,,64,250
Florida,1,United States,us,US-FL,Highlands County,,,64,250
Florida,1,United States,us,US-FL,Hillsborough County,,,64,250
Florida,1,United States,us,US-FL,Holmes County,,,64,250
Florida,1,United States,us,US-FL,Indian River County,,,64,250
Florida,1,United States,us,US-FL,Jackson County,,,64,250
Florida,1,United States,us,US-FL,Jefferson County,,,64,250
Florida,1,United States,us,US-FL,Lafayette County,,,64,250
Florida,1,United States,us,US-FL,Lake County,,,64,250
Florida,1,United States,us,US-FL,Lee County,,,64,250
Florida,1,United States,us,US-FL,Leon County,,,64,250
Florida,1,United States,us,US-FL,Levy County,,,64,250
Florida,1,United States,us,US-FL,Liberty County,,,64,250
Florida,1,United States,us,US-FL,Madison County,,,64,250
Florida,1,United States,us,US-FL,Manatee County,,,64,250
Florida,1,United States,us,US-FL,Marion County,,,64,250
Florida,1,United States,us,US-FL,Martin County,,,64,250
Florida,1,United States,us,US-FL,Miami-Dade County,,,64,250
Florida,1,United States,us,US-FL,Monroe County,,,64,250
Florida,1,United States,us,US-FL,Nassau County,,,64,250
Florida,1,United States,us,US-FL,Okeechobee County,,,64,250
Florida,1,United States,us,US-FL,Orange County,,,64,250
Florida,1,United States,us,US-FL,Osceola County,,,64,250
Florida,1,United States,us,US-FL,Palm Beach County,,,64,250
Florida,1,United States,us,US-FL,Pasco County,,,64,250
Florida,1,United States,us,US-FL,Pinellas County,,,64,250
Florida,1,United States,us,US-FL,Polk County,,,64,250
Florida,1,United States,us,US-FL,Putnam County,,,64,250
Florida,1,United States,us,US-FL,Sarasota County,,,64,250
Florida,1,United States,us,US-FL,Seminole County,,,64,250
Florida,1,United States,us,US-FL,St. Johns County,,,64,250
Florida,1,United States,us,US-FL,St. Lucie County,,,64,250
Florida,1,United States,us,US-FL,Sumter County,,,64,250
Florida,1,United States,us,US-FL,Suwannee County,,,64,250
Florida,1,United States,us,US-FL,Taylor County,,,64,250
Florida,1,United States,us,US-FL,Union County,,,64,250
Florida,1,United States,us,US-FL,Volusia County,,,64,250
Florida,1,United States,us,US-FL,Wakulla County,,,64,250
Florida,1,United States,us,US-FL,Washington County,,,64,250
Great Lakes Midwest,1,United States,us,US-KY,Adair County,,,64,250
Great Lakes Midwest,1,United States,us,US-KY,Anderson County,,,64,250
Great Lakes Midwest,1,United States,us,US-KY,Bath County,,,64,250
Great Lakes Midwest,1,United States,us,US-KY,Bell County,,,64,250
Great Lakes Midwest,1,United States,us,US-KY,Boone County,,,64,250
Great Lakes Midwest,1,United States,us,US-KY,Bourbon County,,,64,250
Great Lakes Midwest,1,United States,us,US-KY,Boyd County,,,64,250
Great Lakes Midwest,1,United States,us,US-KY,Boyle County,,,64,250
Great Lakes Midwest,1,United States,us,US-KY,Bracken County,,,64,250
Great Lakes Midwest,1,United States,us,US-KY,Breathitt County,,,64,250
Great Lakes Midwest,1,United States,us,US-KY,Breckinridge County,,,64,250
Great Lakes Midwest,1,United States,us,US-KY,Bullitt County,,,64,250
Great Lakes Midwest,1,United States,us,US-KY,Campbell County,,,64,250
Great Lakes Midwest,1,United States,us,US-KY,Carroll County,,,64,250
Great Lakes Midwest,1,United States,us,US-KY,Carter County,,,64,250
Great Lakes Midwest,1,United States,us,US-KY,Casey County,,,64,250
Great Lakes Midwest,1,United States,us,US-KY,Clark County,,,64,250
Great Lakes Midwest,1,United States,us,US-KY,Clay County,,,64,250
Great Lakes Midwest,1,United States,us,US-KY,Clinton County,,,64,250
Great Lakes Midwest,1,United States,us,US-KY,Cumberland County,,,64,250
Great Lakes Midwest,1,United States,us,US-KY,Daviess County,,,64,250
Great Lakes Midwest,1,United States,us,US-KY,Elliott County,,,64,250
Great Lakes Midwest,1,United States,us,US-KY,Estill County,,,64,250
Great Lakes Midwest,1,United States,us,US-KY,Fayette County,,,64,250
Great Lakes Midwest,1,United States,us,US-KY,Fleming County,,,64,250
Great Lakes Midwest,1,United States,us,US-KY,Floyd County,,,64,250
Great Lakes Midwest,1,United States,us,US-KY,Franklin County,,,64,250
Great Lakes Midwest,1,United States,us,US-KY,Gallatin County,,,64,250
Great Lakes Midwest,1,United States,us,US-KY,Garrard County,,,64,250
Great Lakes Midwest,1,United States,us,US-KY,Grant County,,,64,250
Great Lakes Midwest,1,United States,us,US-KY,Grayson County,,,64,250
Great Lakes Midwest,1,United States,us,US-KY,Greenup County,,,64,250
Great Lakes Midwest,1,United States,us,US-KY,Hancock County,,,64,250
Great Lakes Midwest,1,United States,us,US-KY,Hardin County,,,64,250
Great Lakes Midwest,1,United States,us,US-KY,Harlan County,,,64,250
Great Lakes Midwest,1,United States,us,US-KY,Harrison County,,,64,250
Great Lakes Midwest,1,United States,us,US-KY,Henderson County,,,64,250
Great Lakes Midwest,1,United States,us,US-KY,Henry County,,,64,250
Great Lakes Midwest,1,United States,us,US-KY,Hopkins County,,,64,250
Great Lakes Midwest,1,United States,us,US-KY,Jackson County,,,64,250
Great Lakes Midwest,1,United States,us,US-KY,Jefferson County,,,64,250
Great Lakes Midwest,1,United States,us,US-KY,Jessamine County,,,64,250
Great Lakes Midwest,1,United States,us,US-KY,Johnson County,,,64,250
Great Lakes Midwest,1,United States,us,US-KY,Kenton County,,,64,250
Great Lakes Midwest,1,United States,us,US-KY,Knott County,,,64,250
Great Lakes Midwest,1,United States,us,US-KY,Knox County,,,64,250
Great Lakes Midwest,1,United States,us,US-KY,LaRue County,,,64,250
Great Lakes Midwest,1,United States,us,US-KY,Laurel County,,,64,250
Great Lakes Midwest,1,United States,us,US-KY,Lawrence County,,,64,250
Great Lakes Midwest,1,United States,us,US-KY,Lee County,,,64,250
Great Lakes Midwest,1,United States,us,US-KY,Leslie County,,,64,250
Great Lakes Midwest,1,United States,us,US-KY,Letcher County,,,64,250
Great Lakes Midwest,1,United States,us,US-KY,Lewis County,,,64,250
Great Lakes Midwest,1,United States,us,US-KY,Lincoln County,,,64,250
Great Lakes Midwest,1,United States,us,US-KY,Madison County,,,64,250
Great Lakes Midwest,1,United States,us,US-KY,Magoffin County,,,64,250
Great Lakes Midwest,1,United States,us,US-KY,Marion County,,,64,250
Great Lakes Midwest,1,United States,us,US-KY,Martin County,,,64,250
Great Lakes Midwest,1,United States,us,US-KY,Mason County,,,64,250
Great Lakes Midwest,1,United States,us,US-KY,McCreary County,,,64,250
Great Lakes Midwest,1,United States,us,US-KY,McLean County,,,64,250
Great Lakes Midwest,1,United States,us,US-KY,Meade County,,,64,250
Great Lakes Midwest,1,United States,us,US-KY,Menifee County,,,64,250
Great Lakes Midwest,1,United States,us,US-KY,Mercer County,,,64,250
Great Lakes Midwest,1,United States,us,US-KY,Montgomery County,,,64,250
Great Lakes Midwest,1,United States,us,US-KY,Morgan County,,,64,250
Great Lakes Midwest,1,United States,us,US-KY,Muhlenberg County,,,64,250
Great Lakes Midwest,1,United States,us,US-KY,Nelson County,,,64,250
Great Lakes Midwest,1,United States,us,US-KY,Nicholas County,,,64,250
Great Lakes Midwest,1,United States,us,US-KY,Ohio County,,,64,250
Great Lakes Midwest,1,United States,us,US-KY,Oldham County,,,64,250
Great Lakes Midwest,1,United States,us,US-KY,Owen County,,,64,250
Great Lakes Midwest,1,United States,us,US-KY,Owsley County,,,64,250
Great Lakes Midwest,1,United States,us,US-KY,Pendleton County,,,64,250
Great Lakes Midwest,1,United States,us,US-KY,Perry County,,,64,250
Great Lakes Midwest,1,United States,us,US-KY,Pike County,,,64,250
Great Lakes Midwest,1,United States,us,US-KY,Powell County,,,64,250
Great Lakes Midwest,1,United States,us,US-KY,Pulaski County,,,64,250
Great Lakes Midwest,1,United States,us,US-KY,Robertson County,,,64,250
Great Lakes Midwest,1,United States,us,US-KY,Rockcastle County,,,64,250
Great Lakes Midwest,1,United States,us,US-KY,Rowan County,,,64,250
Great Lakes Midwest,1,United States,us,US-KY,Russell County,,,64,250
Great Lakes Midwest,1,United States,us,US-KY,Scott County,,,64,250
Great Lakes Midwest,1,United States,us,US-KY,Shelby County,,,64,250
Great Lakes Midwest,1,United States,us,US-KY,Spencer County,,,64,250
Great Lakes Midwest,1,United States,us,US-KY,Taylor County,,,64,250
Great Lakes Midwest,1,United States,us,US-KY,Trimble County,,,64,250
Great Lakes Midwest,1,United States,us,US-KY,Union County,,,64,250
Great Lakes Midwest,1,United States,us,US-KY,Washington County,,,64,250
Great Lakes Midwest,1,United States,us,US-KY,Wayne County,,,64,250
Great Lakes Midwest,1,United States,us,US-KY,Webster County,,,64,250
Great Lakes Midwest,1,United States,us,US-KY,Whitley County,,,64,250
Great Lakes Midwest,1,United States,us,US-KY,Wolfe County,,,64,250
Great Lakes Midwest,1,United States,us,US-KY,Woodford County,,,64,250
Heartland Midwest,1,United States,us,US-KS,Atchison County,,,64,250
Heartland Midwest,1,United States,us,US-KS,Brown County,,,64,250
Heartland Midwest,1,United States,us,US-KS,Doniphan County,,,64,250
Heartland Midwest,1,United States,us,US-KS,Douglas County,,,64,250
Heartland Midwest,1,United States,us,US-KS,Franklin County,,,64,250
Heartland Midwest,1,United States,us,US-KS,Jackson County,,,64,250
Heartland Midwest,1,United States,us,US-KS,Jefferson County,,,64,250
Heartland Midwest,1,United States,us,US-KS,Johnson County,,,64,250
Heartland Midwest,1,United States,us,US-KS,Leavenworth County,,,64,250
Heartland Midwest,1,United States,us,US-KS,Marshall County,,,64,250
Heartland Midwest,1,United States,us,US-KS,Miami County,,,64,250
Heartland Midwest,1,United States,us,US-KS,Nemaha County,,,64,250
Heartland Midwest,1,United States,us,US-KS,Republic County,,,64,250
Heartland Midwest,1,United States,us,US-KS,Shawnee County,,,64,250
Heartland Midwest,1,United States,us,US-KS,Washington County,,,64,250
Heartland Midwest,1,United States,us,US-KS,Wyandotte County,,,64,250
Heartland Midwest,1,United States,us,US-MO,Adair County,,,64,250
Heartland Midwest,1,United States,us,US-MO,Andrew County,,,64,250
Heartland Midwest,1,United States,us,US-MO,Atchison County,,,64,250
Heartland Midwest,1,United States,us,US-MO,Audrain County,,,64,250
Heartland Midwest,1,United States,us,US-MO,Benton County,,,64,250
Heartland Midwest,1,United States,us,US-MO,Boone County,,,64,250
Heartland Midwest,1,United States,us,US-MO,Buchanan County,,,64,250
Heartland Midwest,1,United States,us,US-MO,Callaway County,,,64,250
Heartland Midwest,1,United States,us,US-MO,Camden County,,,64,250
Heartland Midwest,1,United States,us,US-MO,Carroll County,,,64,250
Heartland Midwest,1,United States,us,US-MO,Cass County,,,64,250
Heartland Midwest,1,United States,us,US-MO,Chariton County,,,64,250
Heartland Midwest,1,United States,us,US-MO,Clark County,,,64,250
Heartland Midwest,1,United States,us,US-MO,Clay County,,,64,250
Heartland Midwest,1,United States,us,US-MO,Clinton County,,,64,250
Heartland Midwest,1,United States,us,US-MO,Cole County,,,64,250
Heartland Midwest,1,United States,us,US-MO,Cooper County,,,64,250
Heartland Midwest,1,United States,us,US-MO,Crawford County,,,64,250
Heartland Midwest,1,United States,us,US-MO,Daviess County,,,64,250
Heartland Midwest,1,United States,us,US-MO,DeKalb County,,,64,250
Heartland Midwest,1,United States,us,US-MO,Franklin County,,,64,250
Heartland Midwest,1,United States,us,US-MO,Gasconade County,,,64,250
Heartland Midwest,1,United States,us,US-MO,Gentry County,,,64,250
Heartland Midwest,1,United States,us,US-MO,Grundy County,,,64,250
Heartland Midwest,1,United States,us,US-MO,Harrison County,,,64,250
Heartland Midwest,1,United States,us,US-MO,Henry County,,,64,250
Heartland Midwest,1,United States,us,US-MO,Hickory County,,,64,250
Heartland Midwest,1,United States,us,US-MO,Holt County,,,64,250
Heartland Midwest,1,United States,us,US-MO,Howard County,,,64,250
Heartland Midwest,1,United States,us,US-MO,Jackson County,,,64,250
Heartland Midwest,1,United States,us,US-MO,Jefferson County,,,64,250
Heartland Midwest,1,United States,us,US-MO,Johnson County,,,64,250
Heartland Midwest,1,United States,us,US-MO,Knox County,,,64,250
Heartland Midwest,1,United States,us,US-MO,Lafayette County,,,64,250
Heartland Midwest,1,United States,us,US-MO,Lewis County,,,64,250
Heartland Midwest,1,United States,us,US-MO,Lincoln County,,,64,250
Heartland Midwest,1,United States,us,US-MO,Linn County,,,64,250
Heartland Midwest,1,United States,us,US-MO,Livingston County,,,64,250
Heartland Midwest,1,United States,us,US-MO,Macon County,,,64,250
Heartland Midwest,1,United States,us,US-MO,Maries County,,,64,250
Heartland Midwest,1,United States,us,US-MO,Marion County,,,64,250
Heartland Midwest,1,United States,us,US-MO,Mercer County,,,64,250
Heartland Midwest,1,United States,us,US-MO,Miller County,,,64,250
Heartland Midwest,1,United States,us,US-MO,Moniteau County,,,64,250
Heartland Midwest,1,United States,us,US-MO,Monroe County,,,64,250
Heartland Midwest,1,United States,us,US-MO,Montgomery County,,,64,250
Heartland Midwest,1,United States,us,US-MO,Morgan County,,,64,250
Heartland Midwest,1,United States,us,US-MO,Nodaway County,,,64,250
Heartland Midwest,1,United States,us,US-MO,Osage County,,,64,250
Heartland Midwest,1,United States,us,US-MO,Perry County,,,64,250
Heartland Midwest,1,United States,us,US-MO,Pettis County,,,64,250
Heartland Midwest,1,United States,us,US-MO,Pike County,,,64,250
Heartland Midwest,1,United States,us,US-MO,Platte County,,,64,250
Heartland Midwest,1,United States,us,US-MO,Putnam County,,,64,250
Heartland Midwest,1,United States,us,US-MO,Ralls County,,,64,250
Heartland Midwest,1,United States,us,US-MO,Randolph County,,,64,250
Heartland Midwest,1,United States,us,US-MO,Ray County,,,64,250
Heartland Midwest,1,United States,us,US-MO,Saint Charles County,,,64,250
Heartland Midwest,1,United States,us,US-MO,Saint Francois County,,,64,250
Heartland Midwest,1,United States,us,US-MO,Saint Louis City,,,64,250
Heartland Midwest,1,United States,us,US-MO,Saint Louis County,,,64,250
Heartland Midwest,1,United States,us,US-MO,Sainte Genevieve County,,,64,250
Heartland Midwest,1,United States,us,US-MO,Saline County,,,64,250
Heartland Midwest,1,United States,us,US-MO,Schuyler County,,,64,250
Heartland Midwest,1,United States,us,US-MO,Scotland County,,,64,250
Heartland Midwest,1,United States,us,US-MO,Shelby County,,,64,250
Heartland Midwest,1,United States,us,US-MO,Sullivan County,,,64,250
Heartland Midwest,1,United States,us,US-MO,Warren County,,,64,250
Heartland Midwest,1,United States,us,US-MO,Washington County,,,64,250
Heartland Midwest,1,United States,us,US-MO,Worth County,,,64,250
Heartland Midwest,1,United States,us,US-MO,,Saint Louis,,64,250
Japan Blanket,1,Japan,jp,,,,,64,250
Kansai,1,Japan,jp,,,,51,64,250
Kansai,1,Japan,jp,,,,52,64,250
Kansai,1,Japan,jp,,,,53,64,250
Kansai,1,Japan,jp,,,,54,64,250
Kansai,1,Japan,jp,,,,55,64,250
Kansai,1,Japan,jp,,,,56,64,250
Kansai,1,Japan,jp,,,,57,64,250
Kansai,1,Japan,jp,,,,58,64,250
Kansai,1,Japan,jp,,,,59,64,250
Kansai,1,Japan,jp,,,,60,64,250
Kansai,1,Japan,jp,,,,61,64,250
Kansai,1,Japan,jp,,,,62,64,250
Kansai,1,Japan,jp,,,,63,64,250
Kansai,1,Japan,jp,,,,64,64,250
Kansai,1,Japan,jp,,,,65,64,250
Kansai,1,Japan,jp,,,,66,64,250
Kansai,1,Japan,jp,,,,67,64,250
Kanto,1,Japan,jp,,,,10,64,250
Kanto,1,Japan,jp,,,,11,64,250
Kanto,1,Japan,jp,,,,12,64,250
Kanto,1,Japan,jp,,,,13,64,250
Kanto,1,Japan,jp,,,,14,64,250
Kanto,1,Japan,jp,,,,15,64,250
Kanto,1,Japan,jp,,,,16,64,250
Kanto,1,Japan,jp,,,,17,64,250
Kanto,1,Japan,jp,,,,18,64,250
Kanto,1,Japan,jp,,,,19,64,250
Kanto,1,Japan,jp,,,,20,64,250
Kanto,1,Japan,jp,,,,21,64,250
Kanto,1,Japan,jp,,,,22,64,250
Kanto,1,Japan,jp,,,,23,64,250
Kanto,1,Japan,jp,,,,24,64,250
Kanto,1,Japan,jp,,,,25,64,250
Kanto,1,Japan,jp,,,,26,64,250
Kanto,1,Japan,jp,,,,27,64,250
Kanto,1,Japan,jp,,,,28,64,250
Kanto,1,Japan,jp,,,,29,64,250
Kanto,1,Japan,jp,,,,30,64,250
Kanto,1,Japan,jp,,,,31,64,250
Kanto,1,Japan,jp,,,,32,64,250
Kanto,1,Japan,jp,,,,33,64,250
Kanto,1,Japan,jp,,,,34,64,250
Kanto,1,Japan,jp,,,,35,64,250
Kanto,1,Japan,jp,,,,36,64,250
Kanto,1,Japan,jp,,,,37,64,250
Kyushu,1,Japan,jp,,,,80,64,250
Kyushu,1,Japan,jp,,,,81,64,250
Kyushu,1,Japan,jp,,,,82,64,250
Kyushu,1,Japan,jp,,,,83,64,250
Kyushu,1,Japan,jp,,,,84,64,250
Kyushu,1,Japan,jp,,,,85,64,250
Kyushu,1,Japan,jp,,,,86,64,250
Kyushu,1,Japan,jp,,,,87,64,250
Kyushu,1,Japan,jp,,,,88,64,250
Kyushu,1,Japan,jp,,,,89,64,250
Mexico Blanket,1,Mexico,mx,,,,,64,250
Tristate,1,United States,us,US-NY,Bronx County,,,64,250
Tristate,1,United States,us,US-NY,Kings County,,,64,250
Tristate,1,United States,us,US-NY,Nassau County,,,64,250
Tristate,1,United States,us,US-NY,New York County,,,64,250
Tristate,1,United States,us,US-NY,Queens County,,,64,250
Tristate,1,United States,us,US-NY,Richmond County,,,64,250
Tristate,1,United States,us,US-NY,Rockland County,,,64,250
Tristate,1,United States,us,US-NY,Suffolk County,,,64,250
Tristate,1,United States,us,US-NY,Westchester County,,,64,250
United States Blanket,1,United States,us,,,,,64,250
Alberta,2,Canada,ca,CA-AB,,,,48,200
Atlantic Canada,2,Canada,ca,CA-NB,,,,48,200
Atlantic Canada,2,Canada,ca,CA-NL,,,,48,200
Atlantic Canada,2,Canada,ca,CA-NS,,,,48,200
Atlantic Canada,2,Canada,ca,CA-PE,,,,48,200
Atlantic Canada,2,Saint Pierre and Miquelon,fr,FR-PM,,,,48,200
Australia,2,Australia,au,,,,,48,200
Austria,2,Austria,at,,,,,48,200
Belgium,2,Belgium,be,,,,,48,200
Carolinas,2,United States,us,US-NC,,,,48,200
Carolinas,2,United States,us,US-SC,,,,48,200
Chubu,2,Japan,jp,,,,38,48,200
Chubu,2,Japan,jp,,,,39,48,200
Chubu,2,Japan,jp,,,,40,48,200
Chubu,2,Japan,jp,,,,41,48,200
Chubu,2,Japan,jp,,,,42,48,200
Chubu,2,Japan,jp,,,,43,48,200
Chubu,2,Japan,jp,,,,44,48,200
Chubu,2,Japan,jp,,,,45,48,200
Chubu,2,Japan,jp,,,,46,48,200
Chubu,2,Japan,jp,,,,47,48,200
Chubu,2,Japan,jp,,,,48,48,200
Chubu,2,Japan,jp,,,,49,48,200
Chubu,2,Japan,jp,,,,50,48,200
East Mexico,2,Mexico,mx,MX-HID,,,,48,200
East Mexico,2,Mexico,mx,MX-PUE,,,,48,200
East Mexico,2,Mexico,mx,MX-TLA,,,,48,200
East Mexico,2,Mexico,mx,MX-VER,,,,48,200
Germany,2,Germany,de,,,,,48,200
Inland/Gulf Southeast,2,United States,us,US-AL,,,,48,200
Inland/Gulf Southeast,2,United States,us,US-FL,Escambia County,,,48,200
Inland/Gulf Southeast,2,United States,us,US-FL,Okaloosa County,,,48,200
Inland/Gulf Southeast,2,United States,us,US-FL,Santa Rosa County,,,48,200
Inland/Gulf Southeast,2,United States,us,US-FL,Walton County,,,48,200
Inland/Gulf Southeast,2,United States,us,US-KY,Allen County,,,48,200
Inland/Gulf Southeast,2,United States,us,US-KY,Ballard County,,,48,200
Inland/Gulf Southeast,2,United States,us,US-KY,Barren County,,,48,200
Inland/Gulf Southeast,2,United States,us,US-KY,Butler County,,,48,200
Inland/Gulf Southeast,2,United States,us,US-KY,Caldwell County,,,48,200
Inland/Gulf Southeast,2,United States,us,US-KY,Calloway County,,,48,200
Inland/Gulf Southeast,2,United States,us,US-KY,Carlisle County,,,48,200
Inland/Gulf Southeast,2,United States,us,US-KY,Christian County,,,48,200
Inland/Gulf Southeast,2,United States,us,US-KY,Crittenden County,,,48,200
Inland/Gulf Southeast,2,United States,us,US-KY,Edmonson County,,,48,200
Inland/Gulf Southeast,2,United States,us,US-KY,Fulton County,,,48,200
Inland/Gulf Southeast,2,United States,us,US-KY,Graves County,,,48,200
Inland/Gulf Southeast,2,United States,us,US-KY,Green County,,,48,200
Inland/Gulf Southeast,2,United States,us,US-KY,Hart County,,,48,200
Inland/Gulf Southeast,2,United States,us,US-KY,Hickman County,,,48,200
Inland/Gulf Southeast,2,United States,us,US-KY,Livingston County,,,48,200
Inland/Gulf Southeast,2,United States,us,US-KY,Logan County,,,48,200
Inland/Gulf Southeast,2,United States,us,US-KY,Lyon County,,,48,200
Inland/Gulf Southeast,2,United States,us,US-KY,Marshall County,,,48,200
Inland/Gulf Southeast,2,United States,us,US-KY,McCracken County,,,48,200
Inland/Gulf Southeast,2,United States,us,US-KY,Metcalfe County,,,48,200
Inland/Gulf Southeast,2,United States,us,US-KY,Monroe County,,,48,200
Inland/Gulf Southeast,2,United States,us,US-KY,Simpson County,,,48,200
Inland/Gulf Southeast,2,United States,us,US-KY,Todd County,,,48,200
Inland/Gulf Southeast,2,United States,us,US-KY,Trigg County,,,48,200
Inland/Gulf Southeast,2,United States,us,US-KY,Warren County,,,48,200
Inland/Gulf Southeast,2,United States,us,US-LA,,,,48,200
Inland/Gulf Southeast,2,United States,us,US-MS,,,,48,200
Inland/Gulf Southeast,2,United States,us,US-TN,,,,48,200
Italy,2,Italy,it,,,,,48,200
Luxembourg,2,Luxembourg,lu,,,,,48,200
Manitoba,2,Canada,ca,CA-MB,,,,48,200
Mid-South,2,United States,us,US-AR,,,,48,200
Mid-South,2,United States,us,US-KS,Allen County,,,48,200
Mid-South,2,United States,us,US-KS,Anderson County,,,48,200
Mid-South,2,United States,us,US-KS,Barber County,,,48,200
Mid-South,2,United States,us,US-KS,Barton County,,,48,200
Mid-South,2,United States,us,US-KS,Bourbon County,,,48,200
Mid-South,2,United States,us,US-KS,Butler County,,,48,200
Mid-South,2,United States,us,US-KS,Chase County,,,48,200
Mid-South,2,United States,us,US-KS,Chautauqua County,,,48,200
Mid-South,2,United States,us,US-KS,Cherokee County,,,48,200
Mid-South,2,United States,us,US-KS,Cheyenne County,,,48,200
Mid-South,2,United States,us,US-KS,Clark County,,,48,200
Mid-South,2,United States,us,US-KS,Clay County,,,48,200
Mid-South,2,United States,us,US-KS,Cloud County,,,48,200
Mid-South,2,United States,us,US-KS,Coffey County,,,48,200
Mid-South,2,United States,us,US-KS,Comanche County,,,48,200
Mid-South,2,United States,us,US-KS,Cowley County,,,48,200
Mid-South,2,United States,us,US-KS,Crawford County,,,48,200
Mid-South,2,United States,us,US-KS,Decatur County,,,48,200
Mid-South,2,United States,us,US-KS,Dickinson County,,,48,200
Mid-South,2,United States,us,US-KS,Edwards County,,,48,200
Mid-South,2,United States,us,US-KS,Elk County,,,48,200
Mid-South,2,United States,us,US-KS,Ellis County,,,48,200
Mid-South,2,United States,us,US-KS,Ellsworth County,,,48,200
Mid-South,2,United States,us,US-KS,Finney County,,,48,200
Mid-South,2,United States,us,US-KS,Ford County,,,48,200
Mid-South,2,United States,us,US-KS,Geary County,,,48,200
Mid-South,2,United States,us,US-KS,Gove County,,,48,200
Mid-South,2,United States,us,US-KS,Graham County,,,48,200
Mid-South,2,United States,us,US-KS,Grant County,,,48,200
Mid-South,2,United States,us,US-KS,Gray County,,,48,200
Mid-South,2,United States,us,US-KS,Greeley County,,,48,200
Mid-South,2,United States,us,US-KS,Greenwood County,,,48,200
Mid-South,2,United States,us,US-KS,Hamilton County,,,48,200
Mid-South,2,United States,us,US-KS,Harper County,,,48,200
Mid-South,2,United States,us,US-KS,Harvey County,,,48,200
Mid-South,2,United States,us,US-KS,Haskell County,,,48,200
Mid-South,2,United States,us,US-KS,Hodgeman County,,,48,200
Mid-South,2,United States,us,US-KS,Jewell County,,,48,200
Mid-South,2,United States,us,US-KS,Kearny County,,,48,200
Mid-South,2,United States,us,US-KS,Kingman County,,,48,200
Mid-South,2,United States,us,US-KS,Kiowa County,,,48,200
Mid-South,2,United States,us,US-KS,Labette County,,,48,200
Mid-South,2,United States,us,US-KS,Lane County,,,48,200
Mid-South,2,United States,us,US-KS,Lincoln County,,,48,200
Mid-South,2,United States,us,US-KS,Linn County,,,48,200
Mid-South,2,United States,us,US-KS,Logan County,,,48,200
Mid-South,2,United States,us,US-KS,Lyon County,,,48,200
Mid-South,2,United States,us,US-KS,Marion County,,,48,200
Mid-South,2,United States,us,US-KS,McPherson County,,,48,200
Mid-South,2,United States,us,US-KS,Meade County,,,48,200
Mid-South,2,United States,us,US-KS,Mitchell County,,,48,200
Mid-South,2,United States,us,US-KS,Montgomery County,,,48,200
Mid-South,2,United States,us,US-KS,Morris County,,,48,200
Mid-South,2,United States,us,US-KS,Morton County,,,48,200
Mid-South,2,United States,us,US-KS,Neosho County,,,48,200
Mid-South,2,United States,us,US-KS,Ness County,,,48,200
Mid-South,2,United States,us,US-KS,Norton County,,,48,200
Mid-South,2,United States,us,US-KS,Osage County,,,48,200
Mid-South,2,United States,us,US-KS,Osborne County,,,48,200
Mid-South,2,United States,us,US-KS,Ottawa County,,,48,200
Mid-South,2,United States,us,US-KS,Pawnee County,,,48,200
Mid-South,2,United States,us,US-KS,Phillips County,,,48,200
Mid-South,2,United States,us,US-KS,Pottawatomie County,,,48,200
Mid-South,2,United States,us,US-KS,Pratt County,,,48,200
Mid-South,2,United States,us,US-KS,Rawlins County,,,48,200
Mid-South,2,United States,us,US-KS,Reno County,,,48,200
Mid-South,2,United States,us,US-KS,Rice County,,,48,200
Mid-South,2,United States,us,US-KS,Riley County,,,48,200
Mid-South,2,United States,us,US-KS,Rooks County,,,48,200
Mid-South,2,United States,us,US-KS,Rush County,,,48,200
Mid-South,2,United States,us,US-KS,Russell County,,,48,200
Mid-South,2,United States,us,US-KS,Saline County,,,48,200
Mid-South,2,United States,us,US-KS,Scott County,,,48,200
Mid-South,2,United States,us,US-KS,Sedgwick County,,,48,200
Mid-South,2,United States,us,US-KS,Seward County,,,48,200
Mid-South,2,United States,us,US-KS,Sheridan County,,,48,200
Mid-South,2,United States,us,US-KS,Sherman County,,,48,200
Mid-South,2,United States,us,US-KS,Smith County,,,48,200
Mid-South,2,United States,us,US-KS,Stafford County,,,48,200
Mid-South,2,United States,us,US-KS,Stanton County,,,48,200
Mid-South,2,United States,us,US-KS,Stevens County,,,48,200
Mid-South,2,United States,us,US-KS,Sumner County,,,48,200
Mid-South,2,United States,us,US-KS,Thomas County,,,48,200
Mid-South,2,United States,us,US-KS,Trego County,,,48,200
Mid-South,2,United States,us,US-KS,Wabaunsee County,,,48,200
Mid-South,2,United States,us,US-KS,Wallace County,,,48,200
Mid-South,2,United States,us,US-KS,Wichita County,,,48,200
Mid-South,2,United States,us,US-KS,Wilson County,,,48,200
Mid-South,2,United States,us,US-KS,Woodson County,,,48,200
Mid-South,2,United States,us,US-MO,Barry County,,,48,200
Mid-South,2,United States,us,US-MO,Barton County,,,48,200
Mid-South,2,United States,us,US-MO,Bates County,,,48,200
Mid-South,2,United States,us,US-MO,Bollinger County,,,48,200
Mid-South,2,United States,us,US-MO,Butler County,,,48,200
Mid-South,2,United States,us,US-MO,Caldwell County,,,48,200
Mid-South,2,United States,us,US-MO,Cape Girardeau County,,,48,200
Mid-South,2,United States,us,US-MO,Carter County,,,48,200
Mid-South,2,United States,us,US-MO,Cedar County,,,48,200
Mid-South,2,United States,us,US-MO,Christian County,,,48,200
Mid-South,2,United States,us,US-MO,Dade County,,,48,200
Mid-South,2,United States,us,US-MO,Dallas County,,,48,200
Mid-South,2,United States,us,US-MO,Dent County,,,48,200
Mid-South,2,United States,us,US-MO,Douglas County,,,48,200
Mid-South,2,United States,us,US-MO,Dunklin County,,,48,200
Mid-South,2,United States,us,US-MO,Greene County,,,48,200
Mid-South,2,United States,us,US-MO,Howell County,,,48,200
Mid-South,2,United States,us,US-MO,Iron County,,,48,200
Mid-South,2,United States,us,US-MO,Jasper County,,,48,200
Mid-South,2,United States,us,US-MO,Laclede County,,,48,200
Mid-South,2,United States,us,US-MO,Lawrence County,,,48,200
Mid-South,2,United States,us,US-MO,Madison County,,,48,200
Mid-South,2,United States,us,US-MO,McDonald County,,,48,200
Mid-South,2,United States,us,US-MO,Mississippi County,,,48,200
Mid-South,2,United States,us,US-MO,New Madrid County,,,48,200
Mid-South,2,United States,us,US-MO,Newton County,,,48,200
Mid-South,2,United States,us,US-MO,Oregon County,,,48,200
Mid-South,2,United States,us,US-MO,Ozark County,,,48,200
Mid-South,2,United States,us,US-MO,Pemiscot County,,,48,200
Mid-South,2,United States,us,US-MO,Phelps County,,,48,200
Mid-South,2,United States,us,US-MO,Polk County,,,48,200
Mid-South,2,United States,us,US-MO,Pulaski County,,,48,200
Mid-South,2,United States,us,US-MO,Reynolds County,,,48,200
Mid-South,2,United States,us,US-MO,Ripley County,,,48,200
Mid-South,2,United States,us,US-MO,Saint Clair County,,,48,200
Mid-South,2,United States,us,US-MO,Scott County,,,48,200
Mid-South,2,United States,us,US-MO,Shannon County,,,48,200
Mid-South,2,United States,us,US-MO,Stoddard County,,,48,200
Mid-South,2,United States,us,US-MO,Stone County,,,48,200
Mid-South,2,United States,us,US-MO,Taney County,,,48,200
Mid-South,2,United States,us,US-MO,Texas County,,,48,200
Mid-South,2,United States,us,US-MO,Vernon County,,,48,200
Mid-South,2,United States,us,US-MO,Wayne County,,,48,200
Mid-South,2,United States,us,US-MO,Webster County,,,48,200
Mid-South,2,United States,us,US-MO,Wright County,,,48,200
Mid-South,2,United States,us,US-OK,,,,48,200
Netherlands,2,Netherlands,nl,,,,,48,200
North Central MX,2,Mexico,mx,MX-AGU,,,,48,200
North Central MX,2,Mexico,mx,MX-GUA,,,,48,200
North Central MX,2,Mexico,mx,MX-QUE,,,,48,200
North Central MX,2,Mexico,mx,MX-SLP,,,,48,200
North Central MX,2,Mexico,mx,MX-ZAC,,,,48,200
Northeast MX,2,Mexico,mx,MX-COA,,,,48,200
Northeast MX,2,Mexico,mx,MX-NLE,,,,48,200
Northeast MX,2,Mexico,mx,MX-TAM,,,,48,200
Northwest MX,2,Mexico,mx,MX-CHH,,,,48,200
Northwest MX,2,Mexico,mx,MX-DUR,,,,48,200
Northwest MX,2,Mexico,mx,MX-SIN,,,,48,200
Northwest MX,2,Mexico,mx,MX-SON,,,,48,200
Saskatchewan,2,Canada,ca,CA-SK,,,,48,200
South Mexico,2,Mexico,mx,MX-CHP,,,,48,200
South Mexico,2,Mexico,mx,MX-GRO,,,,48,200
South Mexico,2,Mexico,mx,MX-MOR,,,,48,200
South Mexico,2,Mexico,mx,MX-OAX,,,,48,200
Spain,2,Spain,es,,,,,48,200
Switzerland,2,Switzerland,ch,,,,,48,200
Upstate NY,2,United States,us,US-NY,Albany County,,,48,200
Upstate NY,2,United States,us,US-NY,Allegany County,,,48,200
Upstate NY,2,United States,us,US-NY,Broome County,,,48,200
Upstate NY,2,United States,us,US-NY,Cattaraugus County,,,48,200
Upstate NY,2,United States,us,US-NY,Cayuga County,,,48,200
Upstate NY,2,United States,us,US-NY,Chautauqua County,,,48,200
Upstate NY,2,United States,us,US-NY,Chemung County,,,48,200
Upstate NY,2,United States,us,US-NY,Chenango County,,,48,200
Upstate NY,2,United States,us,US-NY,Clinton County,,,48,200
Upstate NY,2,United States,us,US-NY,Columbia County,,,48,200
Upstate NY,2,United States,us,US-NY,Cortland County,,,48,200
Upstate NY,2,United States,us,US-NY,Delaware County,,,48,200
Upstate NY,2,United States,us,US-NY,Dutchess County,,,48,200
Upstate NY,2,United States,us,US-NY,Erie County,,,48,200
Upstate NY,2,United States,us,US-NY,Essex County,,,48,200
Upstate NY,2,United States,us,US-NY,Franklin County,,,48,200
Upstate NY,2,United States,us,US-NY,Fulton County,,,48,200
Upstate NY,2,United States,us,US-NY,Genesee County,,,48,200
Upstate NY,2,United States,us,US-NY,Greene County,,,48,200
Upstate NY,2,United States,us,US-NY,Hamilton County,,,48,200
Upstate NY,2,United States,us,US-NY,Herkimer County,,,48,200
Upstate NY,2,United States,us,US-NY,Jefferson County,,,48,200
Upstate NY,2,United States,us,US-NY,Lewis County,,,48,200
Upstate NY,2,United States,us,US-NY,Livingston County,,,48,200
Upstate NY,2,United States,us,US-NY,Madison County,,,48,200
Upstate NY,2,United States,us,US-NY,Monroe County,,,48,200
Upstate NY,2,United States,us,US-NY,Montgomery County,,,48,200
Upstate NY,2,United States,us,US-NY,Niagara County,,,48,200
Upstate NY,2,United States,us,US-NY,Oneida County,,,48,200
Upstate NY,2,United States,us,US-NY,Onondaga County,,,48,200
Upstate NY,2,United States,us,US-NY,Ontario County,,,48,200
Upstate NY,2,United States,us,US-NY,Orange County,,,48,200
Upstate NY,2,United States,us,US-NY,Orleans County,,,48,200
Upstate NY,2,United States,us,US-NY,Oswego County,,,48,200
Upstate NY,2,United States,us,US-NY,Otsego County,,,48,200
Upstate NY,2,United States,us,US-NY,Putnam County,,,48,200
Upstate NY,2,United States,us,US-NY,Rensselaer County,,,48,200
Upstate NY,2,United States,us,US-NY,Saratoga County,,,48,200
Upstate NY,2,United States,us,US-NY,Schenectady County,,,48,200
Upstate NY,2,United States,us,US-NY,Schoharie County,,,48,200
Upstate NY,2,United States,us,US-NY,Schuyler County,,,48,200
Upstate NY,2,United States,us,US-NY,Seneca County,,,48,200
Upstate NY,2,United States,us,US-NY,St. Lawrence County,,,48,200
Upstate NY,2,United States,us,US-NY,Steuben County,,,48,200
Upstate NY,2,United States,us,US-NY,Sullivan County,,,48,200
Upstate NY,2,United States,us,US-NY,Tioga County,,,48,200
Upstate NY,2,United States,us,US-NY,Tompkins County,,,48,200
Upstate NY,2,United States,us,US-NY,Ulster County,,,48,200
Upstate NY,2,United States,us,US-NY,Warren County,,,48,200
Upstate NY,2,United States,us,US-NY,Washington County,,,48,200
Upstate NY,2,United States,us,US-NY,Wayne County,,,48,200
Upstate NY,2,United States,us,US-NY,Wyoming County,,,48,200
Upstate NY,2,United States,us,US-NY,Yates County,,,48,200
West Mexico,2,Mexico,mx,MX-COL,,,,48,200
West Mexico,2,Mexico,mx,MX-JAL,,,,48,200
West Mexico,2,Mexico,mx,MX-MIC,,,,48,200
West Mexico,2,Mexico,mx,MX-NAY,,,,48,200
Yucatan Peninsula,2,Mexico,mx,MX-CAM,,,,48,200
Yucatan Peninsula,2,Mexico,mx,MX-ROO,,,,48,200
Yucatan Peninsula,2,Mexico,mx,MX-TAB,,,,48,200
Yucatan Peninsula,2,Mexico,mx,MX-YUC,,,,48,200
Alaska,3,United States,us,US-AK,,,,32,200
American Territories,3,American Samoa,us,US-AS,,,,32,200
American Territories,3,Guam,us,US-GU,,,,32,200
American Territories,3,Northern Mariana Islands,us,US-MP,,,,32,200
American Territories,3,US Minor Outlying Islands,us,US-UM,,,,32,200
Bolivarian North,3,Bolivia,bo,,,,,32,200
Bolivarian North,3,Colombia,co,,,,,32,200
Bolivarian North,3,Ecuador,ec,,,,,32,200
Bolivarian North,3,French Guiana,fr,FR-973,,,,32,200
Bolivarian North,3,Guyana,gy,,,,,32,200
Bolivarian North,3,Peru,pe,,,,,32,200
Bolivarian North,3,Suriname,sr,,,,,32,200
Bolivarian North,3,Venezuela,ve,,,,,32,200
Brazil,3,Brazil,br,,,,,32,200
Caribbean,3,Aruba,nl,NL-AW,,,,32,200
Caribbean,3,Bahamas,bs,,,,,32,200
Caribbean,3,Barbados,bb,,,,,32,200
Caribbean,3,Cuba,cu,,,,,32,200
Caribbean,3,Dominica,dm,,,,,32,200
Caribbean,3,Dominican Republic,do,,,,,32,200
Caribbean,3,Guadeloupe,fr,FR-971,,,,32,200
Caribbean,3,Haiti,ht,,,,,32,200
Caribbean,3,Jamaica,jm,,,,,32,200
Caribbean,3,Martinique,fr,FR-972,,,,32,200
Caribbean,3,Puerto Rico,us,US-PR,,,,32,200
Caribbean,3,Saint Barthelemy,fr,FR-BL,,,,32,200
Caribbean,3,Saint Lucia,lc,,,,,32,200
Caribbean,3,Saint Martin,fr,FR-MF,,,,32,200
Caribbean,3,Trinidad & Tobago,tt,,,,,32,200
Caribbean,3,Virgin Islands,us,US-VI,,,,32,200
Central America,3,Belize,bz,,,,,32,200
Central America,3,Costa Rica,cr,,,,,32,200
Central America,3,El Salvador,sv,,,,,32,200
Central America,3,Guatemala,gt,,,,,32,200
Central America,3,Honduras,hn,,,,,32,200
Central America,3,Nicaragua,ni,,,,,32,200
Central America,3,Panama,pa,,,,,32,200
Chugoku,3,Japan,jp,,,,68,32,200
Chugoku,3,Japan,jp,,,,69,32,200
Chugoku,3,Japan,jp,,,,70,32,200
Chugoku,3,Japan,jp,,,,71,32,200
Chugoku,3,Japan,jp,,,,72,32,200
Chugoku,3,Japan,jp,,,,73,32,200
Chugoku,3,Japan,jp,,,,74,32,200
Chugoku,3,Japan,jp,,,,75,32,200
East Asia,3,China,cn,,,,,32,200
East Asia,3,Hong Kong,cn,CN-HK,,,,32,200
East Asia,3,Mongolia,mn,,,,,32,200
East Asia,3,North Korea,kp,,,,,32,200
East Asia,3,South Korea,kr,,,,,32,200
East Asia,3,Taiwan,tw,,,,,32,200
Eastern Europe,3,Armenia,am,,,,,32,200
Eastern Europe,3,Azerbaijan,az,,,,,32,200
Eastern Europe,3,Belarus,by,,,,,32,200
Eastern Europe,3,Estonia,ee,,,,,32,200
Eastern Europe,3,Georgia,ge,,,,,32,200
Eastern Europe,3,Kazakhstan,kz,,,,,32,200
Eastern Europe,3,Kyrgyzstan,kg,,,,,32,200
Eastern Europe,3,Latvia,lv,,,,,32,200
Eastern Europe,3,Lithuania,lt,,,,,32,200
Eastern Europe,3,Russia,ru,,,,,32,200
Eastern Europe,3,Tajikistan,tj,,,,,32,200
Eastern Europe,3,Turkmenistan,tm,,,,,32,200
Eastern Europe,3,Uzbekistan,uz,,,,,32,200
Everything Else,3,,,,,,,32,200
Greece,3,Greece,gr,,,,,32,200
Hawaii,3,United States,us,US-HI,,,,32,200
Hokkaido,3,Japan,jp,,,,00,32,200
Hokkaido,3,Japan,jp,,,,04,32,200
Hokkaido,3,Japan,jp,,,,05,32,200
Hokkaido,3,Japan,jp,,,,06,32,200
Hokkaido,3,Japan,jp,,,,07,32,200
Hokkaido,3,Japan,jp,,,,08,32,200
Hokkaido,3,Japan,jp,,,,09,32,200
Hokuriku,3,Japan,jp,,,,91,32,200
Hokuriku,3,Japan,jp,,,,92,32,200
Hokuriku,3,Japan,jp,,,,93,32,200
Hokuriku,3,Japan,jp,,,,94,32,200
Hokuriku,3,Japan,jp,,,,95,32,200
Ireland,3,Ireland,ie,,,,,32,200
Isle of Man,3,Isle of Man,im,,,,,32,200
Middle East,3,Bahrain,bh,,,,,32,200
Middle East,3,Israel,il,,,,,32,200
Middle East,3,Kuwait,kw,,,,,32,200
Middle East,3,Lebanon,lb,,,,,32,200
Middle East,3,Qatar,qa,,,,,32,200
Middle East,3,Saudi Arabia,sa,,,,,32,200
Middle East,3,Turkey,tr,,,,,32,200
Middle East,3,United Arab Emirates,ae,,,,,32,200
New Zealand,3,New Zealand,nz,,,,,32,200
Northern EU,3,Denmark,dk,,,,,32,200
Northern EU,3,Finland,fi,,,,,32,200
Northern EU,3,Iceland,is,,,,,32,200
Northern EU,3,Norway,no,,,,,32,200
Northern EU,3,Sweden,se,,,,,32,200
Northern Ireland,3,Northern Ireland,gb,GB-NIR,,,,32,200
Oceania,3,New Caledonia,fr,FR-NC,,,,32,200
Okinawa,3,Japan,jp,,,,90,32,200
Overseas France,3,Clipperton,fr,FR-CP,,,,32,200
Overseas France,3,French Polynesia,fr,FR-PF,,,,32,200
Overseas France,3,French Southern and Antarctic Lands,fr,FR-TF,,,,32,200
Overseas France,3,Mayotte,fr,FR-976,,,,32,200
Overseas France,3,Reunion,fr,FR-974,,,,32,200
Overseas France,3,Wallis and Futuna,fr,FR-WF,,,,32,200
Portugal,3,Portugal,pt,,,,,32,200
Shikoku,3,Japan,jp,,,,76,32,200
Shikoku,3,Japan,jp,,,,77,32,200
Shikoku,3,Japan,jp,,,,78,32,200
Shikoku,3,Japan,jp,,,,79,32,200
Southeast Asia,3,Brunei,bn,,,,,32,200
Southeast Asia,3,Cambodia,kh,,,,,32,200
Southeast Asia,3,Indonesia,id,,,,,32,200
Southeast Asia,3,Laos,la,,,,,32,200
Southeast Asia,3,Malaysia,my,,,,,32,200
Southeast Asia,3,Myanmar,mm,,,,,32,200
Southeast Asia,3,Philippines,ph,,,,,32,200
Southeast Asia,3,Singapore,sg,,,,,32,200
Southeast Asia,3,Thailand,th,,,,,32,200
Southeast Asia,3,Timor-Leste,tl,,,,,32,200
Southeast Asia,3,Viet Nam,vn,,,,,32,200
Southern Cone,3,Argentina,ar,,,,,32,200
Southern Cone,3,Chile,cl,,,,,32,200
Southern Cone,3,Falkland Islands,fk,,,,,32,200
Southern Cone,3,Paraguay,py,,,,,32,200
Southern Cone,3,Uruguay,uy,,,,,32,200
Tohoku,3,Japan,jp,,,,96,32,200
Tohoku,3,Japan,jp,,,,97,32,200
Tohoku,3,Japan,jp,,,,98,32,200
Tohoku,3,Japan,jp,,,,99,32,200
Tohoku,3,Japan,jp,,,,01,32,200
Tohoku,3,Japan,jp,,,,02,32,200
Tohoku,3,Japan,jp,,,,03,32,200